Source,Target
ryan_bonkowski,childish_mel
childish_mel,ryan_bonkowski
ryan_bonkowski,yoitssalex
yoitssalex,ryan_bonkowski
ryan_bonkowski,katthekindle
katthekindle,ryan_bonkowski
ryan_bonkowski,Coastie_alexx
Coastie_alexx,ryan_bonkowski
childish_mel,yoitssalex
yoitssalex,childish_mel
Darlin_jessicaa,Coastie_alexx
Coastie_alexx,Darlin_jessicaa
rikababey,erniunited10
erniunited10,rikababey
rikababey,riritzyxcaret
riritzyxcaret,rikababey
rikababey,VivaLaMINI_
VivaLaMINI_,rikababey
queencrmel,
peachyhilal,
KJayy_,
avacharding,
aimeelopez128,
littlebartlebee,
Iam_CodyRogers,
BJordan6495,
savestheday91,
Lauralelola,
Var85202794,
davidpierson,
TheOwenJacobs,
tuna_salad86,
emilyelora18,
jackisback70,
tycensmith,
rachelyons_,
Kylekirkbride04,
LoganOlson_21,
FlatheadGaming,
the_strange__1,
ImprovCabaret,
SaratogaCC,
Naaaaaooommiii,
movieluv102781,
_k8lynnnnnnn,
jesuhhca,
WeTheKaitlyn,
DatChocolateGuh,
ka_ka_ka_kiaa,
kaffeinebuzz,
justindeanshep1,
AmyBartner,
Amladydragonfly,
okbritneyy,
olivia_kay_4,
pnchdhddck,
adambeverage,
Its_What_I_Said,
JordanMelissa85,
lora_jones20,
AnnaH_Blackwell,
molls46,
aysiaevelyn,
Chris25319889,
JaxsonDeVille,
hauntscene,
DistrictKarla,
Vero_Vuela,
jtamagni1976,
3Taytommo,
ryan_bonkowski,
Fox35Bob,
spectr0magic,
DeuxSol,
SFBEX,
thismommyrocksR,
blockheadjorge,
mindyjohnson16,
crlsgnewld,
SkyeUnderwood,
AmbraMartin,
wolfeman50,
tatumkennedy_,
liljohnny0,
ValCrofts,
robert_keikoa,
subbaga,
lizzie_stfu,
Eyeshaahmad,
cancanrhoads,
BDoubleYou90,
TevyTevTevV2,
templewemple,
DamonKenner,
dmdiaz_,
therealcoachtea,
KakiOlsenBooks,
ldslifehacker,
RiddimSquadd,
MandiJay23,
idioxsyncratic,
nadiamilovidov,
BarrentineTrace,
skyshoemaker,
shelbymadisonnn,
MarcoPilgrim,
hannahvolkert,
brady_thomas2,
theracheltucker,
nkoooole_,
kathrymae,
shmoovey3,
rellseli66,
Freckles4__4,
jltho,
iBaCCPacK,
JacobWayneMata,
jcsmith85,
jordanthomas_48,
LacyKerel,
lex7098,
aaronsagers,
MatthewC_Warner,
imanipinckney,
Airr_Rico23,
MixingChris,
chavez_miry,
jreyes_95,
ayokasystems,
kristinationn,
genosayyss,
Normanava_,
sleek5051,
kylewuzhere17,
iAmCDot,
KelcyGifford,
kvickkk,
DeejjLoaff,
phoebe_short,
AnistonPaige,
morenzyy,
nelly_bear43211,
hereisthomas,
carolinefevans,
mvmntchrchtx,
AuthorEasley,
Yukstin,
erica0029,
GarrettBowery,
DegenerateVol,
kelfmeister,
wallerman88,
OfficialDTCB,
ballout2x,
k3bert,
lemuelhayes,
615brittaaany,
tqcagle,
MarkinCHS,
awraynor,
g_ashhh,
thedrunktruth,
BaileyPSmith,
TVKelly13,
diegserrano,
SarahVorsheck,
MrG5,
Pizzagod21,
AstrosWon,
msarianayo,
deenay1o,
NovaSunrise,
RashelleLeann,
KaitieMannis,
camille_shae,
Based_Willy,
dawnbrockman,
HeyItsMaddeyAyy,
ily_bird,
KurtWasTaken,
Flautomatic,
K_B_Platt,
rachel_collier_,
Miahhhmiahhh,
Far4rmUsual_,
KristynEngel,
Brandica_Jessy,
danmoulthrop,
ygbreezyp,
JordanSmith4477,
Chadke33,
jamez_para,
BigC_Douglas,
joshuafranzen,
FredoDGawd,
Yoshi_NY,
kingricosvave,
Landrauhl,
RaymerSwish,
_nickalexander,
Rock4Trouble82,
CarolGi24671594,
brandnewme824,
Launerts,
BrandonCortesTV,
LouisOrtiz92,
broadway_buzz,
mikeschnall,
alexandrapaege,
JessiDeeee,
kaylie_marieee,
pollock_19,
SpacedOut_K,
1stNameBrandow,
MeaMea13,
howatdk,
Quannyboy_,
IsItOctoberYet,
rikababey,
misledyouth51,
BLeeigh,
joshualevine,
thatsLizwithaZ,
Not_Fade__Away,
TubofAtoms,
hemmo69me,
BUDD3RZ,
Jayfilletokay,
Sdotrayborn,
Kaaa_ill,
OutsidetheBocks,
_IvanH96,
bergen_grace,
meganraffy19,
mjkiebus,
tony_artist110,
naks420,
Marietwety,
yet_another_day,
durrrgs,
ceoweifie,
foxwithmee,
ReetzNicole,
JuCornbread14,
yung_saavv,
LauraHamlyn,
MelBGeeky,
solidorange91,
ideapalooza,
TB__11,
Riceman61,
KTwoHZero,
JWooTV,
Quincy_2381,
shawnRIDDLE,
Minahc0802,
JLW_II,
Hannah_Delgado,
QueenOf__Queens,
jacebhw,
robertferd,
Ososkie21,
Lautncr,
carter_chapman_,
shellB_miller,
WhoYourBigDaddy,
leosharkey13,
Gulopine,
kstan31,
kenziesequin,
TimothySonofSam,
nickfoleta,
PattyBadFingers,
Reverend_Freako,
LacyUnderhill25,
JWMediaDC,
jus_ruffin,
elchav65,
_essieee,
Andydrewdrew,
letzgoterps,
uncleyelnats,
NOAHPOPHAMBRAND,
LAYLANITSUNAMI,
_GeorgeHawkins,
shredinator21,
CMarch13,
lukeoneil47,
CommanderWaldo,
BizNessie,
believe1nmagic,
MNDukeFan,
Da_real_Rjay,
TerryDugas,
katiejoness_14,
NikaDGreat,
ShowCakesLLC,
Lamb_of_GIR,
slaytaee,
TionneCeleste_,
iammshaheem,
ASAPJOCKY,
KingBxLT,
RickyCummings10,
Mes_Mour,
Clay4499,
LuisRuuska,
_shaylalynn_,
shelbbbybee,
yungsuku,
765Wells,
jenNick72,
KateSherrill,
ParkerMolloy,
LaMiMi_RN,
top40dj,
okalrighterin,
TrentonC_17,
thebenhartman,
SexyGoddess_96,
MeganRiley526,
icedr54,
hope_sophia,
atragz,
CoMaJone,
Ace_Nupey1,
adalrifai,
MrChaney75,
Basementboyz2,
olschaaf,
polosandclarks,
angelkay808,
sedna90377,
dominiquejames,
PersianKittenz,
Paulmathewson,
austinpyle10,
darian_redmond,
__thegiftofGab,
DuaneDaVinci,
FinesseNoFlexxx,
gcdonalds,
glendonfrancis,
jduv2683,
EMILYLYNNRIOS3,
aggarner,
liljcab,
carrliiee,
YoGrahamCracker,
Tr33_e,
brandonwrites,
Jigga_06,
taylorbrown0428,
Lizcoleham,
Alan4Florida,
cubanchino,
megamommyxx,
TerranEmpire,
Patrick_Cory,
E_M_ILY,
bryantgt26,
malthoms_,
TheOtherParas,
Bonceited_borey,
hectortorresprh,
Amandizzle_331,
RavenMartinez73,
jadaroseyy,
william1k_,
shelbybachnik,
MiaDelcarmenn,
nt2dysatantmrw,
TizzyMeliss,
__itschelseaa,
eastonreedy,
cerisme16,
DreGreen01,
jacobhyppolite,
Nile_Fortner,
THECHEFBOYRD,
22deem22,
DH_thatnigga,
robin2jumpstart,
haroldever25,
drayajordan,
Jaredewy,
AustinTweeted,
alesplin,
marissascake,
Tht_nigga_Lint,
BabyGirlEko,
Willy_Waxman420,
aliza_eva,
Hugom2498,
Vaultboylopez14,
Joel0035,
IsaacJuarezz,
JinySchwartz,
FabianMedina13,
josephh513,
kdagne1,
jensteelekhits,
tediously_brief,
kaarluuhh,
JayAguilar22,
pryley01,
I_killjedis420,
JamezIRL,
brianmrob,
Bri_Fabreezy,
chaselepard,
Live4coasters,
devinsidell,
Horror_Buzz,
fannipack_,
BigCitySendOut,
rozaldmcdonald,
Montybrython,
katehasasthma,
neal_acree,
NoahMor37429215,
caeekemi,
zuukes,
Noah_Santana,
DevinBackWood,
Hmmilroy,
KingKeon__,
DoyleManagement,
slatermaus,
drkatiemd_,
EastownChurch,
LSFootballFan,
crazycayy23,
gabrielthentic,
adventurRISS,
JessNunuu,
vincentpowell,
Oipraclesahh,
FollowThaTrell,
deepak__xo,
gato1dog,
MikeSington,
Alex31731232,
NaylaKodiak,
keirstin_nitzel,
limitnot_exist,
markwonderful,
tMKing1,
nakiyahlanae,
karahwilson15,
BradleySF88,
Yfn_Bitch,
_CuteX3,
1DJGRE,
childish_mel,
yoitssalex,
katthekindle,
Coastie_alexx,
Darlin_jessicaa,
erniunited10,
riritzyxcaret,
VivaLaMINI_,
